Datetime,Water Level (m)
2025-06-16 18:00:00,-0.29153523
2025-06-16 19:00:00,-0.553768
2025-06-16 20:00:00,-0.3969347
2025-06-16 21:00:00,0.12867185
2025-06-16 22:00:00,0.7218184
2025-06-16 23:00:00,1.2457107
2025-06-17 00:00:00,1.6223425
2025-06-17 01:00:00,1.7353808
2025-06-17 02:00:00,1.514811
2025-06-17 03:00:00,1.1200706
2025-06-17 04:00:00,0.6778708
2025-06-17 05:00:00,0.2387997
2025-06-17 06:00:00,-0.13523859
2025-06-17 07:00:00,-0.35394245
2025-06-17 08:00:00,-0.07791656
2025-06-17 09:00:00,0.5106756
2025-06-17 10:00:00,1.122149
2025-06-17 11:00:00,1.6843268
2025-06-17 12:00:00,2.0610442
2025-06-17 13:00:00,2.1858623
2025-06-17 14:00:00,1.9669777
2025-06-17 15:00:00,1.5420874
2025-06-17 16:00:00,1.062034
2025-06-17 17:00:00,0.56835073
2025-06-17 18:00:00,0.10517446
2025-06-17 19:00:00,-0.29498142
2025-06-17 20:00:00,-0.5060512
2025-06-17 21:00:00,-0.19131857
2025-06-17 22:00:00,0.40065637
2025-06-17 23:00:00,0.9938912
2025-06-18 00:00:00,1.5111909
2025-06-18 01:00:00,1.8651625
2025-06-18 02:00:00,1.9357325
2025-06-18 03:00:00,1.6806251
2025-06-18 04:00:00,1.2720708
2025-06-18 05:00:00,0.81975716
2025-06-18 06:00:00,0.36645243
2025-06-18 07:00:00,-0.019208627
2025-06-18 08:00:00,-0.2674119
2025-06-18 09:00:00,-0.06966011
2025-06-18 10:00:00,0.47904617
2025-06-18 11:00:00,1.0638423
2025-06-18 12:00:00,1.5910089
2025-06-18 13:00:00,1.9583638
2025-06-18 14:00:00,2.053075
2025-06-18 15:00:00,1.8037461
2025-06-18 16:00:00,1.3827914
2025-06-18 17:00:00,0.91461945
2025-06-18 18:00:00,0.43596208
2025-06-18 19:00:00,-0.00882148
2025-06-18 20:00:00,-0.3992743
2025-06-18 21:00:00,-0.6025572
2025-06-18 22:00:00,-0.27884698
2025-06-18 23:00:00,0.31070077
2025-06-19 00:00:00,0.90710723
2025-06-19 01:00:00,1.4177169
2025-06-19 02:00:00,1.7585157
2025-06-19 03:00:00,1.8223383
2025-06-19 04:00:00,1.5706636
2025-06-19 05:00:00,1.1704361
2025-06-19 06:00:00,0.7272318
2025-06-19 07:00:00,0.28235084
2025-06-19 08:00:00,-0.103396766
2025-06-19 09:00:00,-0.37860394
2025-06-19 10:00:00,-0.2716061
2025-06-19 11:00:00,0.22956643
2025-06-19 12:00:00,0.8011402
2025-06-19 13:00:00,1.31933
2025-06-19 14:00:00,1.6956506
2025-06-19 15:00:00,1.8182517
2025-06-19 16:00:00,1.6043714
2025-06-19 17:00:00,1.2065567
2025-06-19 18:00:00,0.75324625
2025-06-19 19:00:00,0.2876121
2025-06-19 20:00:00,-0.14480577
2025-06-19 21:00:00,-0.52520066
2025-06-19 22:00:00,-0.7118547
2025-06-19 23:00:00,-0.40004492
2025-06-20 00:00:00,0.17662822
2025-06-20 01:00:00,0.78731185
2025-06-20 02:00:00,1.3311565
2025-06-20 03:00:00,1.718672
2025-06-20 04:00:00,1.840238
2025-06-20 05:00:00,1.625093
2025-06-20 06:00:00,1.2291068
2025-06-20 07:00:00,0.784247
2025-06-20 08:00:00,0.32923713
2025-06-20 09:00:00,-0.072647825
2025-06-20 10:00:00,-0.38840997
2025-06-20 11:00:00,-0.3980333
2025-06-20 12:00:00,0.039059106
2025-06-20 13:00:00,0.60408163
2025-06-20 14:00:00,1.1312627
2025-06-20 15:00:00,1.53341
2025-06-20 16:00:00,1.7111105
2025-06-20 17:00:00,1.5549681
2025-06-20 18:00:00,1.1782663
2025-06-20 19:00:00,0.73227936
2025-06-20 20:00:00,0.26787144
2025-06-20 21:00:00,-0.16744679
2025-06-20 22:00:00,-0.5618146
2025-06-20 23:00:00,-0.78092796
2025-06-21 00:00:00,-0.50162214
2025-06-21 01:00:00,0.09531206
2025-06-21 02:00:00,0.74878806
2025-06-21 03:00:00,1.3303761
2025-06-21 04:00:00,1.756313
2025-06-21 05:00:00,1.9232013
2025-06-21 06:00:00,1.7413586
2025-06-21 07:00:00,1.3482012
2025-06-21 08:00:00,0.8950948
2025-06-21 09:00:00,0.425388
2025-06-21 10:00:00,-0.00522314
2025-06-21 11:00:00,-0.36734858
2025-06-21 12:00:00,-0.48962873
2025-06-21 13:00:00,-0.117584035
2025-06-21 14:00:00,0.44962102
2025-06-21 15:00:00,0.99047494
2025-06-21 16:00:00,1.4263309
2025-06-21 17:00:00,1.6599784
2025-06-21 18:00:00,1.5711519
2025-06-21 19:00:00,1.2171007
2025-06-21 20:00:00,0.7772878
2025-06-21 21:00:00,0.30889925
2025-06-21 22:00:00,-0.13347594
2025-06-21 23:00:00,-0.53987926
2025-06-22 00:00:00,-0.7814914
2025-06-22 01:00:00,-0.49041456
2025-06-22 02:00:00,0.14028983
2025-06-22 03:00:00,0.8290202
2025-06-22 04:00:00,1.4413251
2025-06-22 05:00:00,1.8937734
2025-06-22 06:00:00,2.0846581
2025-06-22 07:00:00,1.904826
2025-06-22 08:00:00,1.4985468
2025-06-22 09:00:00,1.02591
2025-06-22 10:00:00,0.5375047
2025-06-22 11:00:00,0.08022855
2025-06-22 12:00:00,-0.31576094
2025-06-22 13:00:00,-0.5136522
2025-06-22 14:00:00,-0.18345581
2025-06-22 15:00:00,0.40485513
2025-06-22 16:00:00,0.9755684
2025-06-22 17:00:00,1.4426796
2025-06-22 18:00:00,1.7119886
